{
  "v": "5.5.7",
  "fr": 30,
  "ip": 0,
  "op": 60,
  "w": 200,
  "h": 200,
  "nm": "Cleaning Animation",
  "ddd": 0,
  "assets": [],
  "layers": [
    {
      "ddd": 0,
      "ind": 1,
      "ty": 4,
      "nm": "Broom",
      "sr": 1,
      "ks": {
        "o": {"a": 0, "k": 100, "ix": 11},
        "r": {
          "a": 1,
          "k": [
            {
              "i": {"x": [0.833], "y": [0.833]},
              "o": {"x": [0.167], "y": [0.167]},
              "t": 0,
              "s": [-30]
            },
            {
              "i": {"x": [0.833], "y": [0.833]},
              "o": {"x": [0.167], "y": [0.167]},
              "t": 15,
              "s": [30]
            },
            {
              "i": {"x": [0.833], "y": [0.833]},
              "o": {"x": [0.167], "y": [0.167]},
              "t": 30,
              "s": [-30]
            },
            {
              "i": {"x": [0.833], "y": [0.833]},
              "o": {"x": [0.167], "y": [0.167]},
              "t": 45,
              "s": [30]
            },
            {
              "t": 60,
              "s": [0]
            }
          ],
          "ix": 10
        },
        "p": {"a": 0, "k": [100, 100, 0], "ix": 2},
        "a": {"a": 0, "k": [0, 0, 0], "ix": 1},
        "s": {"a": 0, "k": [100, 100, 100], "ix": 6}
      },
      "ao": 0,
      "shapes": [
        {
          "ty": "gr",
          "it": [
            {
              "ind": 0,
              "ty": "sh",
              "ix": 1,
              "ks": {
                "a": 0,
                "k": {
                  "i": [[0, 0], [0, 0], [0, 0], [0, 0]],
                  "o": [[0, 0], [0, 0], [0, 0], [0, 0]],
                  "v": [[-20, -40], [20, -40], [10, 40], [-10, 40]],
                  "c": true
                },
                "ix": 2
              },
              "nm": "Path",
              "mn": "ADBE Vector Shape - Group",
              "hd": false
            },
            {
              "ty": "fl",
              "c": {"a": 0, "k": [0.8, 0.6, 0.2, 1], "ix": 4},
              "o": {"a": 0, "k": 100, "ix": 5},
              "r": 1,
              "bm": 0,
              "nm": "Fill",
              "mn": "ADBE Vector Graphic - Fill",
              "hd": false
            },
            {
              "ty": "tr",
              "p": {"a": 0, "k": [0, 0], "ix": 2},
              "a": {"a": 0, "k": [0, 0], "ix": 1},
              "s": {"a": 0, "k": [100, 100], "ix": 3},
              "r": {"a": 0, "k": 0, "ix": 6},
              "o": {"a": 0, "k": 100, "ix": 7},
              "sk": {"a": 0, "k": 0, "ix": 4},
              "sa": {"a": 0, "k": 0, "ix": 5}
            }
          ],
          "nm": "Broom",
          "np": 2,
          "cix": 2,
          "bm": 0,
          "ix": 1,
          "mn": "ADBE Vector Group",
          "hd": false
        }
      ],
      "ip": 0,
      "op": 60,
      "st": 0,
      "bm": 0
    }
  ],
  "markers": []
}