{
  "v": "5.5.7",
  "fr": 30,
  "ip": 0,
  "op": 60,
  "w": 200,
  "h": 200,
  "nm": "Scanning Animation",
  "ddd": 0,
  "assets": [],
  "layers": [
    {
      "ddd": 0,
      "ind": 1,
      "ty": 4,
      "nm": "Circle",
      "sr": 1,
      "ks": {
        "o": {
          "a": 1,
          "k": [
            {
              "i": {"x": [0.833], "y": [0.833]},
              "o": {"x": [0.167], "y": [0.167]},
              "t": 0,
              "s": [100]
            },
            {
              "i": {"x": [0.833], "y": [0.833]},
              "o": {"x": [0.167], "y": [0.167]},
              "t": 30,
              "s": [0]
            },
            {
              "t": 60,
              "s": [100]
            }
          ],
          "ix": 11
        },
        "r": {
          "a": 1,
          "k": [
            {
              "i": {"x": [0.833], "y": [0.833]},
              "o": {"x": [0.167], "y": [0.167]},
              "t": 0,
              "s": [0]
            },
            {
              "t": 60,
              "s": [360]
            }
          ],
          "ix": 10
        },
        "p": {"a": 0, "k": [100, 100, 0], "ix": 2},
        "a": {"a": 0, "k": [0, 0, 0], "ix": 1},
        "s": {"a": 0, "k": [100, 100, 100], "ix": 6}
      },
      "ao": 0,
      "shapes": [
        {
          "ty": "gr",
          "it": [
            {
              "d": 1,
              "ty": "el",
              "s": {"a": 0, "k": [80, 80], "ix": 2},
              "p": {"a": 0, "k": [0, 0], "ix": 3}
            },
            {
              "ty": "st",
              "c": {"a": 0, "k": [0.2, 0.8, 1, 1], "ix": 3},
              "o": {"a": 0, "k": 100, "ix": 4},
              "w": {"a": 0, "k": 4, "ix": 5},
              "lc": 1,
              "lj": 1,
              "ml": 4,
              "bm": 0,
              "nm": "Stroke",
              "mn": "ADBE Vector Graphic - Stroke",
              "hd": false
            },
            {
              "ty": "tr",
              "p": {"a": 0, "k": [0, 0], "ix": 2},
              "a": {"a": 0, "k": [0, 0], "ix": 1},
              "s": {"a": 0, "k": [100, 100], "ix": 3},
              "r": {"a": 0, "k": 0, "ix": 6},
              "o": {"a": 0, "k": 100, "ix": 7},
              "sk": {"a": 0, "k": 0, "ix": 4},
              "sa": {"a": 0, "k": 0, "ix": 5}
            }
          ],
          "nm": "Ellipse",
          "np": 2,
          "cix": 2,
          "bm": 0,
          "ix": 1,
          "mn": "ADBE Vector Group",
          "hd": false
        }
      ],
      "ip": 0,
      "op": 60,
      "st": 0,
      "bm": 0
    }
  ],
  "markers": []
}